Name,Price (BDT),Shop,Link
MSI GAMING GEFORCE GT 710 1GB GDRR3 GRAPHICS CARD,4400,TechLand,https://www.techlandbd.com/graphics-card/msi-gaming-geforce-gt-710-1gb-graphics-card
Asus GeForce GT 730 2GB GDDR5 Graphics Card,4500,TechLand,https://www.techlandbd.com/graphics-card/asus-geforce-gt-730-2gb-graphics-card
Palit GeForce GT 730 2GB DDR3 Graphics Card,6000,StarTech,https://www.startech.com.bd/palit-geforce-gt-730-graphics-card
Palit GeForce GT 730 2GB DDR3 Graphics Card,6000,TechLand,https://www.techlandbd.com/graphics-card/palit-geforce-gt-730-graphics-card
MSI GT 710 2GD3H LP 2GB DDR3 Gaming Graphic Card,6200,StarTech,https://www.startech.com.bd/msi-gt-710-2gd3h-lp-graphics-card
GIGABYTE GeForce GT 730 2GB DDR3 PCI EXPRESS Graphics Card,6850,StarTech,https://www.startech.com.bd/gigabyte-geforce-gt-730-2gb-ddr3-graphics-card
MSI GeForce GT 730 2GB DDR3 PCI Express 2.0 Graphics Card,7000,UCC,https://www.ucc-bd.com/msi-geforce-gt-730-2gb-ddr3-pci-express-2-0-graphics-card.html
Colorful GeForce GT730K 2GD3-V 2GB Graphics Card,7050,StarTech,https://www.startech.com.bd/colorful-geforce-gt730k-2gd3-v-2gb-graphics-card
Asus Geforce Gt 730 2GB GDDR5 Graphics Card,7100,StarTech,https://www.startech.com.bd/asus-geforce-gt-730-2gb-gddr5-graphics-card
MSI GeForce GT 1030 AERO ITX 2GD4 OC DDR4 Graphics Card,7700,StarTech,https://www.startech.com.bd/msi-geforce-gt-1030-aero-itx-2gd4-oc-graphics-card
GIGABYTE GeForce GT 730 2GB GDDR5 PCI EXPRESS Graphics Card,8000,StarTech,https://www.startech.com.bd/gigabyte-geforce-gt-730-2gb-gddr5-graphics-card
MSI GeForce GT 730 4GB DDR3 PCI Express 2.0 Graphics Card,8000,UCC,https://www.ucc-bd.com/msi-geforce-gt-730-4gb-ddr3-pci-express-2-0-graphics-card.html
MSI GEFORCE GT 730 4GB DDR3 GRAPHICS CARD,8200,TechLand,https://www.techlandbd.com/graphics-card/msi-geforce-gt-730-4gb-ddr3-graphics-card
MSI GeForce GT 730 4GB DDR3 PCI Express 2.0 Graphics Card,8500,StarTech,https://www.startech.com.bd/msi-geforce-gt-730-4gb-graphics-card
Msi GeForce GT 1030 OC 2GB Graphics Card,8500,TechLand,https://www.techlandbd.com/graphics-card/geforce-gt-1030-2gd4-lp-oc-graphics-card
MSI GeForce GeForce GT 1030 2GD4 LP OC Graphics Card,8500,UCC,https://www.ucc-bd.com/msi-geforce-geforce-gt-1030-2gd4-lp-oc-graphics-card.html
MSI GeForce GT 730 Kepler DDR3 2GB OC Low Profile Graphics Card,8600,StarTech,https://www.startech.com.bd/msi-gt-730-kepler-ddr3-2gb-oc-graphics-card
ASUS GeForce GT 1030 2GB GDDR5 low Profile Graphics Card,8900,TechLand,https://www.techlandbd.com/graphics-card/asus-geforce-gt-1030-2gb-graphics-card
Palit GeForce GT 1030 2GB DDR4 Graphics Card,9000,StarTech,https://www.startech.com.bd/palit-geforce-gt-1030-graphics-card
Gigabyte GeForce GT 1030 Low Profile 2GB DDR5 Graphics Card,9000,StarTech,https://www.startech.com.bd/gigabyte-geforce-gt-1030-low-profile-graphics-card
Gigabyte GeForce GT 1030 Low Profile D4 2GB Graphics Card,9000,StarTech,https://www.startech.com.bd/gigabyte-gt-1030-low-profile-d4-2gb-graphics-card
Palit GeForce GT 1030 2GB DDR4 Graphics Card,9000,TechLand,https://www.techlandbd.com/graphics-card/palit-geforce-gt-1030-2gb-graphics-card
Colorful GT1030 2GB V5-V GDDR5 Graphics Card,9100,StarTech,https://www.startech.com.bd/colorful-gt1030-2gb-v5-v-graphics-card
ASUS GeForce GT 1030 2GB GDDR5 low Profile Graphics Card,9400,StarTech,https://www.startech.com.bd/asus-geforce-gt-1030-graphics-card
Colorful GeForce GT1030 V4-V 2GB Graphics Card,9500,StarTech,https://www.startech.com.bd/colorful-geforce-gt1030-v4-v-graphics-card
MSI GeForce GT 1030 2GD4 LP OC 2GB Graphics Card,9500,StarTech,https://www.startech.com.bd/msi-gt-1030-2gd4-lp-oc-2gb-graphics-card
ZOTAC GeForce GT 1030 2GB GDDR5 Graphics Card,10000,UCC,https://www.ucc-bd.com/zotac-zt-p10300a-10l-geforcer-gt-1030-2gb-gddr5-graphics-card.html
Biostar Radeon RX550 4GB DDR5 Graphics Card,13990,TechLand,https://www.techlandbd.com/graphics-card/biostar-radeon-rx550-graphics-card
AFOX Radeon RX 550 4GB GDDR5 Dual Fan Graphics Card,17500,StarTech,https://www.startech.com.bd/afox-radeon-rx-550-4gb-dual-fan-graphics-card
MSI GEFORCEÂ® GTX 1050 TI OC 4GB Graphics Card,17500,TechLand,https://www.techlandbd.com/graphics-card/msi-geforce-gtx1050ti-4gt-oc-graphics-card
MSI GeForce GTX 1650 D6 Ventus XS OC 4GB GDDR6 Graphics Card,20500,StarTech,https://www.startech.com.bd/msi-gtx-1650-d6-ventus-xs-oc-4gb-graphics-card
Palit GeForce GTX 1050 Ti StormX 4GB GDDR5 Graphics Card,20800,StarTech,https://www.startech.com.bd/palit-geforce-gtx-1050-ti-stormx-graphics-card
Palit GeForce GTX 1050 Ti StormX 4GB GDDR5 Graphics Card,20800,TechLand,https://www.techlandbd.com/graphics-card/palit-gtx-1050-ti-stormx-graphics-card
MSI GeForce GTX 1650 D6 Ventus XS OC 4GB Graphics Card,21000,TechLand,https://www.techlandbd.com/graphics-card/msi-gtx-1650-d6-ventus-xs-ocv2-4gb-graphics-card
MSI GeForce GTX 1650 VENTUS XS OC 4GB GDDR5 Graphics Card,21000,UCC,https://www.ucc-bd.com/msi-geforce-gtx1650-ventus-xs-oc-4gb-gddr5-graphics-card.html
XFX Speedster QICK 210 AMD Radeon RX 6500 XT BLACK 4GB GDDR6 Gaming Graphics Card,21800,StarTech,https://www.startech.com.bd/xfx-speedster-qick-210-radeon-rx-6500-xt-black-graphics-card
XFX RADEON RX 6500 XT SPEEDSTER QICK 210 BLACK 4GB GDDR6 GAMING GRAPHICS CARD,21800,TechLand,https://www.techlandbd.com/graphics-card/xfx-rx-6500-xt-speedster-qick-210-black-graphics-card
Colorful GeForce GTX1050Ti 4G-V 4GB GDDR5 Graphics Card,22000,StarTech,https://www.startech.com.bd/colorful-geforce-gtx1050ti-4g-v-4gb-graphics-card
SAPPHIRE PULSE Radeon RX 6500XT Gaming OC 4GB GDDR6 Graphics Card,22500,UCC,https://www.ucc-bd.com/sapphire-pulse-radeon-rx-6500xt-gaming-oc-4gb-gddr6-grphics-card.html
Asus Phoenix GeForce GTX 1050Ti 4GB GDDR5 Graphics Card,23000,StarTech,https://www.startech.com.bd/asus-phoenix-gtx-1050ti-4gb-graphics-card
MSI Radeon RX 6500 XT MECH 2X 4G OC Graphics Card,23000,TechLand,https://www.techlandbd.com/graphics-card/msi-radeon-rx-6500-xt-mech-2x-4g-oc-grapics-card
Sapphire Pulse AMD Radeon RX 6500 XT Gaming OC 4GB GDDR6 Graphics Card,23500,StarTech,https://www.startech.com.bd/sapphire-pulse-radeon-rx-6500-xt-gaming-oc-graphics-card
MSI MECH RADEON RX 6500 XT 4GB GDDR6 GRAPHICS CARD,23900,TechLand,https://www.techlandbd.com/graphics-card/msi-mech-radeon-rx-6500-xt-graphics-card
MSI Radeon RX 6500 XT MECH 2X 4G OC GRAPHICS CARD,23900,UCC,https://www.ucc-bd.com/msi-radeon-rx-6500-xt-mech-2x-4g-oc-graphics-card.html
Inno3D GeForce GTX 1050 Ti X2 4GB GDDR5 Graphics Card,24000,TechLand,https://www.techlandbd.com/graphics-card/Inno3d-gtx-1050ti-4gb-graphics-card
ASUS Cerberus GeForce GTX 1050 Ti OC Edition 4GB Graphics Card,24000,TechLand,https://www.techlandbd.com/graphics-card/asus-cerberus-gtx-1050-ti-oc-4gb-graphics-card
ASROCK AMD RADEON RX 6500 XT PHANTOM GAMING D 4GB OC GRAPHICS CARD,24200,TechLand,https://www.techlandbd.com/graphics-card/asrock-amd-radeon-rx-6500-xt-phantom-gaming-d-4gb-oc-graphics-card
Gigabyte GeForce GTX 1050 Ti D5 4GB GDDR5 Graphics Card,25000,StarTech,https://www.startech.com.bd/gigabyte-geforce-gtx-1050-ti-d5-4gb-graphic-card
Asus Cerberus GeForce GTX 1050 Ti OC Edition 4GB GDDR5 Graphics Card,25000,StarTech,https://www.startech.com.bd/asus-cerberus-gtx-1050ti-o4g-graphics-card
Huananzhi GeForce GTX 1050TI 4G Graphics Card,25000,TechLand,https://www.techlandbd.com/graphics-card/huananzhi-gtx-1050ti-4g-graphics-card
MSI Radeon RX 6500 XT MECH 2X 4G OC GDDR6 Graphics Card,26000,StarTech,https://www.startech.com.bd/msi-radeon-rx-6500-xt-mech-2x-4g-oc-graphics-card
MSI GeForce GTX 1050 Ti 4GT OCV1 4GB Graphics Card,26000,StarTech,https://www.startech.com.bd/msi-geforce-gtx-1050-ti-4gt-ocv1-graphics-card
ZOTAC GAMING GeForce GTX 1650 OC GDDR6 Graphics Card,26000,UCC,https://www.ucc-bd.com/zotac-gaming-geforce-gtx-1650-oc-gddr6.html
ASUS Phoenix GeForce GTX 1650 OC Edition 4GB GDDR5 Graphics Card,26500,StarTech,https://www.startech.com.bd/asus-phoenix-geforce-gtx-1650-oc-graphics-card
ASUS GEFORCE GTX 1650 SUPER 4GB PHOENIX OC GRAPHICS CARD,27000,TechLand,https://www.techlandbd.com/graphics-card/asus-geforce-gtx-1650-super-phoenix-oc-graphics-card
Asus Dual GeForce GTX 1650 OC Edition 4GB DDR5 Graphics Card,27500,StarTech,https://www.startech.com.bd/asus-dual-geforce-gtx-1650-oc-4gb-graphics-card
Gigabyte GeForce GTX 1050 TI OC Low Profile 4GB GDDR5 Graphics Card,28000,StarTech,https://www.startech.com.bd/gigabyte-geforce-gtx-1050-ti-oc-low-profile-graphics-card
Leadtek WinFast GTX 1650 D6 4G Graphics Card,28000,TechLand,https://www.techlandbd.com/graphics-card/leadtek-winfast-gtx-1650-d6-4g-graphics-card
ASUS GeForce GTX 1650 Dual OC Edition 4GB GDDR5 Graphics Card,28000,TechLand,https://www.techlandbd.com/graphics-card/asus-gtx-1650-dual-oc-4gb-graphics-card
ASUS Phoenix GeForce GTX 1050 Ti 4GB Graphics Card,28000,TechLand,https://www.techlandbd.com/graphics-card/asus-gtx-1050-ti-4gb-graphics-card
Zotac Gaming GeForce GTX 1650 OC 4GB GDDR6 Graphics Card,28500,StarTech,https://www.startech.com.bd/zotac-gaming-gtx-1650-oc-4gb-graphics-card
Gigabyte NVIDIA GeForce GTX 1650 OC 4GB Graphics Card,29500,StarTech,https://www.startech.com.bd/gigabyte-nvidia-geforce-gtx-1650-oc-4gb-graphics-card
Gigabyte GeForce GTX 1050 TI OC Low Profile 4GB GDDR5 Graphics Card (1 Year Warranty),30000,StarTech,https://www.startech.com.bd/gigabyte-geforce-gtx-1050-ti-oc-low-profile-graphics-card-1-year
Gigabyte GeForce GTX 1650 OC Low Profile 4GB GDDR5 Graphics Card,30000,StarTech,https://www.startech.com.bd/gigabyte-geforce-gtx-1650-oc-low-profile-4gb-graphics-card
Gigabyte GeForce GTX 1650 D6 OC 4GB Graphics Card,32500,StarTech,https://www.startech.com.bd/gigabyte-gtx-1650-d6-oc-4gb-graphics-card
GIGABYTE GeForce GTX 1650 OC 4GB Graphics Card,35500,TechLand,https://www.techlandbd.com/graphics-card/gigabyte-geforce-gtx-1650-oc-4g-graphics-card
XFX Speedster SWFT 210 Radeon RX 6600 Core 8GB GDDR6 Gaming Graphics Card,39000,StarTech,https://www.startech.com.bd/xfx-speedster-swft-210-radeon-rx-6600-core-graphics-card
Palit GeForce GTX 1660 Ti DUAL 6GB GDDR6 Graphics Card,39000,StarTech,https://www.startech.com.bd/palit-geforce-gtx-1660-ti-dual-graphics-card
MSI GeForce RTX 3050 GAMING X 8G GDDR6 Graphics Card,39000,StarTech,https://www.startech.com.bd/msi-geforce-rtx-3050-gaming-x-8g-graphics-card
Palit GeForce GTX 1660 Ti DUAL 6GB GDDR6 Graphics Card,39000,TechLand,https://www.techlandbd.com/graphics-card/palit-geforce-gtx-1660-ti-dual-6gb-gddr6-graphics-card
XFX SPEEDSTER SWFT 210 RADEON RX 6600 CORE 8GB GDDR6 GAMING GRAPHICS CARD,39000,TechLand,https://www.techlandbd.com/graphics-card/xfx-speedster-swft-210-radeon-rx-6600-graphics-card
MSI GEFORCE RTX 3050 GAMING X 8GB GRAPHICS CARD,39900,TechLand,https://www.techlandbd.com/graphics-card/msi-geforce-rtx-3050-gaming-x-8gb-graphics-card
MSI GeForce RTX 3050 GAMING X 8G Graphics card,39900,UCC,https://www.ucc-bd.com/msi-geforce-rtx-3050-gaming-x-8g-graphics-card.html
ZOTAC GAMING GeForce RTX 3050 Twin Edge OC 8GB GDDR6 Graphics Card,39900,UCC,https://www.ucc-bd.com/zotac-gaming-geforce-rtx-3050-twin-edge-oc-8gb-gddr6-graphics-card.html
SAPPHIRE PULSE AMD RADEON RX 6600 GRAPHICS CARD,39900,UCC,https://www.ucc-bd.com/sapphire-pulse-amd-radeon-rx-6600-graphics-card.html
Palit GeForce RTX 3050 Dual 8GB GDDR6 Graphics Card,41900,StarTech,https://www.startech.com.bd/palit-geforce-rtx-3050-dual-graphics-card
PALIT GEFORCE RTX 3050 DUAL 8GB GDDR6 GRAPHICS CARD,41900,TechLand,https://www.techlandbd.com/graphics-card/palit-geforce-rtx-3050-dual-8gb-graphics-card
MSI Radeon RX 6600 MECH 2X 8G GDDR6 Graphics Card,43000,StarTech,https://www.startech.com.bd/msi-radeon-rx-6600-mech-2x-8g-graphics-card
MSI GEFORCE GTX 1660 TI VENTUS XS 6G OC GRAPHICS CARD,43000,UCC,https://www.ucc-bd.com/msi-geforce-gtx-1660-ti-ventus-xs-6g-oc-graphics-card.html
Palit GeForce GTX 1660 SUPER GP 6GB GDDR6 Graphics Card,43500,StarTech,https://www.startech.com.bd/palit-geforce-gtx-1660-super-gp-graphics-card
PALIT GEFORCE GTX 1660 SUPER GP 6GB OC GRAPHICS CARD,43500,TechLand,https://www.techlandbd.com/graphics-card/palit-geforce-gtx-1660-super-gp-6gb-oc-graphics-card
PALIT GEFORCE GTX 1660 SUPER GP 6GB GRAPHICS CARD,43500,TechLand,https://www.techlandbd.com/graphics-card/palit-geforce-gtx-1660-super-gp-6gb-graphics-card
Biostar Radeon RX580 8GB GDDR5 Dual Cooling Gaming Graphic Card,44000,TechLand,https://www.techlandbd.com/graphics-card/biostar-radeon-rx580-graphic-card
ASUS TUF Gaming GeForce GTX 1660 SUPER OC 6GB Graphics Card,44000,TechLand,https://www.techlandbd.com/graphics-card/asus-tuf-gtx1660s-o6g-gaming-graphics-card
ZOTAC GAMING GeForce GTX 1660 SUPER 6GB GDDR6 Twin Fan Graphics Card,44500,StarTech,https://www.startech.com.bd/zotac-gaming-geforce-gtx-1660-super-graphics-card
Asus GeForce GTX 1660 Super TUF 6GB OC Graphics Card,44500,StarTech,https://www.startech.com.bd/asus-geforce-gtx-1660-super-tuf-6-oc-graphics-card
MSI GeForce GTX 1660 SUPER VENTUS XS OC 6GB Graphics Card,44500,TechLand,https://www.techlandbd.com/graphics-card/msi-gtx-1660-super-ventus-xs-oc-graphics-card
ZOTAC GAMING GeForce GTX 1660 Super Twin Fan 6GB Graphics Card,44600,TechLand,https://www.techlandbd.com/graphics-card/zotac-gtx-1660-super-twin-graphics-card
ZOTAC GAMING GeForce GTX 1660 Ti 6GB Graphics Card,44900,TechLand,https://www.techlandbd.com/graphics-card/zotac-gtx-1660-ti-graphics-card
ZOTAC GAMING GeForce GTX 1660 Ti 6GB Graphics Card,44900,UCC,https://www.ucc-bd.com/zotac-zt-t16610f-10l-gaming-geforce-gtx-1660-ti.html
GALAX GeForce RTX 2060 (1 Click OC) 6GB GDDR6 Graphics Card,45000,StarTech,https://www.startech.com.bd/galax-rtx-2060-1-click-oc-graphics-card
ZOTAC GAMING GeForce GTX 1660 SUPER 6GB GDDR6 Twin Fan Graphics Card,45000,UCC,https://www.ucc-bd.com/zotac-zt-t16620f-10l-gaming-geforce-gtx-1660-super-twin-fan.html
ASUS TUF Gaming GeForce GTX 1660 Ti EVO OC Edition 6GB GDDR6 Graphics Card,45900,TechLand,https://www.techlandbd.com/graphics-card/asus-tuf-gtx-1660-ti-evo-oc-graphics-card
ZOTAC GAMING GeForce RTX 2060 Twin Fan 6GB Graphics Card,45999,TechLand,https://www.techlandbd.com/graphics-card/zotac-geforce-rtx-2060-twin-fan-graphics-card
Colorful GeForce GTX 1660 SUPER NB 6GB V2-V GDDR6 Graphics Card,47000,StarTech,https://www.startech.com.bd/colorful-geforce-gtx-1660-super-nb-6gb-v2-v-graphics-card
MSI GeForce RTX 3060 VENTUS 2X 12GB Graphics Card,47900,TechLand,https://www.techlandbd.com/graphics-card/msi-rtx-3060-ventus-2x-12gb-graphics-card
SAPPHIRE PULSE AMD RADEON RX 6600 XT GAMING OC 8GB GDDR6 Graphics Card,47900,UCC,https://www.ucc-bd.com/sapphire-pulse-amd-radeon-rx-6600-xt-gaming-oc-8gb%20gddr6%20graphics%20card.html
MSI GeForce RTX 3060 VENTUS 2X 12G OC 12GB GDDR6 Graphics Card,47900,UCC,https://www.ucc-bd.com/msi-geforce-rtx-3060-ventus-2x-12g-oc-12gb-gddr6-graphics-card.html
PNY GeForce RTX 3060 12GB UPRISING Dual Fan Graphics Card,48000,StarTech,https://www.startech.com.bd/pny-geforce-rtx-3060-12gb-dual-fan-graphics-card
PNY GEFORCE RTX 3060 12GB UPRISING DUAL FAN GRAPHICS CARD,48000,TechLand,https://www.techlandbd.com/graphics-card/pny-rtx-3060-12gb-graphics-card
Gigabyte GeForce RTX 3050 GAMING OC 8 GB Graphics Card,48000,TechLand,https://www.techlandbd.com/graphics-card/gigabyte-geforce-rtx-3050-graphics-card
ASUS TUF Gaming GeForce GTX 1660 Ti EVO OC Edition 6GB GDDR6 Graphics Card,48500,StarTech,https://www.startech.com.bd/asus-tuf-geforce-gtx-1660-ti-evo-oc-graphics-card
SAPPHIRE NITRO+ AMD RADEON RX 6600 XT GAMING OC 8GB GDDR6 Graphics Card,48900,UCC,https://www.ucc-bd.com/sapphire-nitro-amd-radeon-rx-6600-xt-gaming-oc-8gb%20gddr6%20graphics%20card.html
ASUS Dual Radeon RX 6600 8GB GDDR6 Graphics Card,49000,TechLand,https://www.techlandbd.com/graphics-card/asus-dual-radeon-rx-6600-8gb-gddr6-graphics-card
MSI VENTUS GEFORCE RTX 2060 12GB GDDR6 GRAPHICS CARD,49500,TechLand,https://www.techlandbd.com/graphics-card/msi-ventus-geforce-rtx-2060-12gb-graphics-card
MSI GeForce RTX 2060 VENTUS 12G OC GDDR6 Graphics Card,49500,UCC,https://www.ucc-bd.com/msi-geforce-rtxtm-2060-ventus-12g-oc-12gb-gddr6-graphics-card.html
ZOTAC Gaming GeForce RTX 2060 6GB GDDR6 Graphics Card,49800,StarTech,https://www.startech.com.bd/zotac-gaming-rtx-2060-6gb-graphics-card
Palit GeForce RTX 3060 Dual 12GB GDDR6 Graphics Card,49900,StarTech,https://www.startech.com.bd/palit-geforce-rtx-3060-dual-graphics-card
MSI Radeon RX 6600 XT MECH 2X 8G OC GDDR6 Graphics Card,49900,TechLand,https://www.techlandbd.com/graphics-card/msi-radeon-rx-6600-xt-mech-2x-8g-oc-graphics-card
Palit GeForce RTX 3060 Dual 12GB GDDR6 Graphics Card,49900,TechLand,https://www.techlandbd.com/graphics-card/palit-geforce-rtx-3060-dual-12gb-graphics-card
MSI Radeon RX 6600 XT MECH 2X 8G OC Graphics Card,49900,UCC,https://www.ucc-bd.com/msi-radeon-rx-6600-xt-mech-2x-8g-oc-graphics-card.html
MSI GEFORCE RTX 3050 VENTUS 2X OC 8GB GRAPHICS CARD,50000,TechLand,https://www.techlandbd.com/graphics-card/msi-geforce-rtx-3050-ventus-2x-oc-graphics-card
Gigabyte GeForce GTX 1660 SUPER D6 6GB GDDR6 Graphics Card,51000,StarTech,https://www.startech.com.bd/gigabyte-geforce-gtx-1660-super-d6-6gb-graphics-card
ASUS DUAL GEFORCE RTX 2060 6GB OC EDITION EVO GRAPHICS CARD,51000,TechLand,https://www.techlandbd.com/graphics-card/asus-dual-geforce-rtx-2060-oc-edition-evo-graphics-card
Gigabyte GeForce GTX 1660 Ti OC 6GB Graphics Card,51300,StarTech,https://www.startech.com.bd/gigabyte-gtx-1660-ti-oc-6g-graphics-card
Palit GeForce RTX 2060 SUPER DUAL 8GB GDDR6 Graphics Card,51500,TechLand,https://www.techlandbd.com/graphics-card/palit-rtx-2060-super-dual-graphics-card
Gigabyte GeForce GTX 1660 Super OC 6GB Graphics Card,51600,StarTech,https://www.startech.com.bd/gigabyte-geforce-gtx-1660-super-graphics-card
Palit GeForce RTX 2060 SUPER DUAL 8GB GDDR6 Graphics Card,51700,StarTech,https://www.startech.com.bd/palit-geforce-rtx-2060-super-dual-graphics-card
Gigabyte GeForce GTX 1660 OC 6GB GDDR5 Graphics Card,52000,StarTech,https://www.startech.com.bd/gigabyte-geforce-gtx-1660-oc-6gb-graphics-card
ASUS Dual GeForce RTX 2060 EVO OC Edition 6GB GDDR6 Graphics Card,52000,StarTech,https://www.startech.com.bd/asus-dual-geforce-rtx-2060-evo-oc-edition-6gb-graphics-card
Colorful GeForce RTX 2060 NB V2-V 6GB GDDR6 Graphics Card,52800,StarTech,https://www.startech.com.bd/colorful-geforce-rtx-2060-nb-v2-v-6gb-graphics-card
MSI GeForce RTX 3060 GAMING X 12GB GDDR6 Graphics Card,52900,TechLand,https://www.techlandbd.com/graphics-card/msi-rtx-3060-gaming-x-12gb-graphics-card
MSI GEFORCE GTX 1660 SUPER VENTUS XS GRAPHICS CARD,52900,UCC,https://www.ucc-bd.com/msi-geforce-gtx-1660-super-ventus-xs-graphics-card.html
MSI RTX 3060 GAMING X 12G 12GB GDDR6 Graphics Card,52900,UCC,https://www.ucc-bd.com/msi-rtx-3060-gaming-x-12g-graphics-card.html
ZOTAC GAMING GeForce RTX 2060 12GB GDDR6 Twin Fan Graphics Card,53000,StarTech,https://www.startech.com.bd/zotac-geforce-rtx-2060-graphics-card
Sapphire Pulse AMD Radeon RX 6600 XT Gaming OC 8GB GDDR6 Graphics Card,53000,StarTech,https://www.startech.com.bd/sapphire-pulse-radeon-rx-6600-xt-gaming-oc-graphics-card
Sapphire NITRO+ AMD Radeon RX 6600 XT 8GB GDDR6 Graphics Card,53000,StarTech,https://www.startech.com.bd/sapphire-nitro-plus-radeon-rx-6600-xt-8gb-graphics-card
MSI Radeon RX 6600 XT MECH 2X 8G OC GDDR6 Graphics Card,53000,StarTech,https://www.startech.com.bd/msi-radeon-rx-6600-xt-mech-2x-8g-oc-graphics-card
MSI GeForce GTX 1660 Super Ventus XS OC 6GB GDDR6 Graphics Card,53500,StarTech,https://www.startech.com.bd/msi-geforce-gtx-1660-super-ventus-xs-oc-graphics-card
MSI GeForce GTX 1660 SUPER VENTUS XS OC 6GB GDDR6 Graphics Card,53900,UCC,https://www.ucc-bd.com/geforce-gtx-1660-super-ventus-xs-oc-graphics-card.html
MSI GeForce GTX 1660 Super Ventus XS 6GB GDDR6 Graphics Card,54500,StarTech,https://www.startech.com.bd/msi-geforce-gtx-1660-super-ventus-xs-graphics-card
Sapphire NITRO+ AMD Radeon RX 6600 XT Gaming OC 8GB GDDR6 Graphics Card,55000,StarTech,https://www.startech.com.bd/sapphire-nitroplus-radeon-rx-6600-xt-gaming-oc-graphics-card
Gigabyte GeForce RTX 2060 D6 6GB GDDR6 Graphics Card,56000,StarTech,https://www.startech.com.bd/gigabyte-geforce-rtx-2060-d6-graphics-card
MSI GeForce RTX 2060 VENTUS 12G OC GDDR6 Graphic Card,56000,StarTech,https://www.startech.com.bd/msi-geforce-rtx-2060-ventus-12g-oc-graphic-card
ASRock Radeon RX 6600 XT Challenger D 8GB OC GDDR6 Graphics Card,56700,TechLand,https://www.techlandbd.com/graphics-card/asrock-amd-radeon-rx-6600-xt-gaming-d-graphics-card
Gigabyte GeForce RTX 3050 EAGLE 8GB GDDR6 Graphics Card,57000,StarTech,https://www.startech.com.bd/gigabyte-geforce-rtx-3050-eagle-8gb-graphics-card
Asus Dual GeForce RTX 2060 EVO OC Edition 12GB GDDR6 Graphics Card,57000,TechLand,https://www.techlandbd.com/graphics-card/asus-dual-geforce-rtx-2060-evo-12gb-graphics-card
MSI GeForce GTX 1660 SUPER GAMING 6GB GDDR6 Graphics Card,57500,StarTech,https://www.startech.com.bd/msi-geforce-gtx-1660-super-gaming-graphics-card
GIGABYTE Radeon RX 6600 EAGLE 8G 8GB GDDR6 Graphics Card,58000,StarTech,https://www.startech.com.bd/gigabyte-radeon-rx-6600-eagle-8g-graphics-card
ASUS Dual GeForce RTX 2060 EVO OC Edition 12GB GDDR6 Graphics Card,58000,StarTech,https://www.startech.com.bd/asus-dual-geforce-rtx-2060-evo-oc-edition-12gb-graphics-card
Gigabyte GeForce RTX 3050 EAGLE OC 8GB GDDR6 Graphics Card,58000,StarTech,https://www.startech.com.bd/gigabyte-geforce-rtx-3050-eagle-oc-8gb-graphics-card
ZOTAC GAMING GeForce RTX 3060 Twin Edge OC GDDR6 12GB Graphics Card,58900,StarTech,https://www.startech.com.bd/zotac-rtx-3060-twin-edge-oc-12gb-graphics-card
ZOTAC GAMING GeForce RTX 3060 Twin Edge OC Graphics Card,58900,UCC,https://www.ucc-bd.com/zotac-gaming-geforce-rtx-3060-twin-edge-oc-graphics-card.html
Gigabyte GeForce RTX 2060 D6 12GB GDDR6 Graphics Card,59000,StarTech,https://www.startech.com.bd/gigabyte-geforce-rtx-2060-d6-12g-graphics-card
PNY GeForce RTX 3060 Ti 8GB UPRISING Dual Fan LHR Graphics Card,59000,StarTech,https://www.startech.com.bd/pny-geforce-rtx-3060-ti-8gb-dual-fan-lhr-graphics-card
PNY GEFORCE RTX 3060 TI 8GB UPRISING DUAL FAN (LHR) GRAPHICS CARD,59000,TechLand,https://www.techlandbd.com/graphics-card/pny-geforce-rtx-3060-ti-8gb-graphics-card
MSI GeForce GTX 1660 Ti VENTUS XS 6G OC Graphics Card,59500,StarTech,https://www.startech.com.bd/msi-gtx-1660-ti-ventus-xs-6g-oc-Graphics-card
MSI GeForce RTX 3060 Ti VENTUS 2X OC 8GB Graphics Card,59900,TechLand,https://www.techlandbd.com/graphics-card/msi-rtx-3060-ti-ventus-2x-oc-8gb-graphics-card
MSI GeForce RTX 3060 Ti VENTUS 2X 8G OCV1 LHR GRAPHICS CARD,59900,UCC,https://www.ucc-bd.com/msi-geforce-rtx-3060-ti-ventus-2x-8g-ocv1-lhr-graphics-card.html
ASRock Radeon RX 6600 XT Challenger D 8GB OC GDDR6 Graphics Card,60000,StarTech,https://www.startech.com.bd/asrock-radeon-rx-6600-xt-challenger-d-8gb-oc-graphics-card
MSI GeForce RTX 3060 VENTUS 2X OC 12GB Graphics Card,60000,StarTech,https://www.startech.com.bd/msi-rtx-3060-ventus-2x-oc-12gb-graphics-card
GIGABYTE RADEON RX 6600 EAGLE 8G GDDR6 GRAPHICS CARD,60000,TechLand,https://www.techlandbd.com/graphics-card/gigabyte-radeon-rx-6600-eagle-8g-gddr6-graphics-card
ZOTAC GAMING GeForce RTX 3060 Ti Twin Edge OC LHR 8GB Graphics Card,62900,TechLand,https://www.techlandbd.com/graphics-card/zotac-gaming-geforce-rtx-3060-ti-twin-edge-oc-lhr-graphics-card
MSI RTX 3060 TI GAMING X 8G LHR GRAPHICS CARD,62900,UCC,https://www.ucc-bd.com/msi-rtx-3060-ti-gaming-x-8g-lhr-graphics-card.html
ZOTAC Gaming GeForce RTX 3060 AMP White Edition 12GB Graphics Card,64900,StarTech,https://www.startech.com.bd/zotac-gaming-geforce-rtx-3060-amp-12gb-graphics-card
ZOTAC GAMING GeForce RTX 3060 AMP White Edition Graphics Card,64900,UCC,https://www.ucc-bd.com/zotac-gaming-geforce-rtx-3060-amp-white-edition-graphics-card.html
GALAX GeForce RTX 2080 EX (1-Click OC) 8GB GDDR6 Graphics Card,65000,StarTech,https://www.startech.com.bd/galax-rtx-2080-ex-1-click-oc-8g-graphics-card
MSI GeForce RTX 3060 Ti VENTUS 2X 8GB OCV1 LHR GDDR6 Graphics Card,65000,StarTech,https://www.startech.com.bd/msi-geforce-rtx-3060-ti-ventus-2x-8gb-ocv1-lhr-graphics-card
ASUS DUAL GEFORCE RTX 3060 V2 OC EDITION 12GB GDDR6 GRAPHICS CARD,65000,TechLand,https://www.techlandbd.com/graphics-card/asus-dual-geforce-rtx-3060-v2-oc-graphics-card
MSI Radeon RX 6600 XT MECH 2X 8G OCV1 GDDR6 Graphics Card,65500,StarTech,https://www.startech.com.bd/msi-radeon-rx-6600-xt-mech-2x-8g-ocv1-graphics-card
Colorful iGame GeForce RTX 3060 Ultra W OC 12G L-V 12GB GDDR6 Graphics Card,65500,StarTech,https://www.startech.com.bd/colorful-igame-geforce-rtx-3060-ultra-w-oc-12g-l-v-12gb-graphics-card
MSI GeForce RTX 3060 Ti GAMING X 8GB LHR GDDR6 Graphics Card,66000,StarTech,https://www.startech.com.bd/msi-geforce-rtx-3060-ti-gaming-x-8g-lhr-graphics-card
GIGABYTE Radeon RX 6600 XT GAMING OC PRO 8GB GDDR6 Graphics Card,67500,StarTech,https://www.startech.com.bd/gigabyte-radeon-rx-6600-xt-gaming-oc-pro-8g-graphics-card
COLORFUL IGAME GEFORCE RTX 3060 ULTRA W OC 12G L-V GRAPHICS CARD,68000,TechLand,https://www.techlandbd.com/graphics-card/colorful-igame-geforce-rtx-3060-ultra-w-oc-12g-l-v-graphics-card
ASUS TUF Gaming GeForce RTX 3060 V2 OC 12GB GDDR6 Graphics Card,68000,TechLand,https://www.techlandbd.com/graphics-card/asus-tuf-rtx-3060-12gb-graphics-card
Palit GeForce RTX 3060 Ti Dual 8GB GDDR6 Graphics Card,68400,TechLand,https://www.techlandbd.com/graphics-card/palit-geforce-rtx-3060-ti-dual-8gb-gddr6-graphics-card
SAPPHIRE AMD RADEON RX 6700 XT PULSE 12GB GDDR6 OC,68900,UCC,https://www.ucc-bd.com/sapphire-amd-radeon-rx-6700-xt-pulse-12gb-gddr6-oc.html
ZOTAC GAMING GeForce RTX 3060 Ti Twin Edge OC LHR Graphics Card,68900,UCC,https://www.ucc-bd.com/zotac-gaming-geforce-rtx-3060-ti-twin-edge-oc-lhr.html
SAPPHIRE PULSE RX 6700 XT 12GB GDDR6 GRAPHICS CARD,68900,UCC,https://www.ucc-bd.com/sapphire-pulse-rx-6700-xt-12gb-gddr6-graphics-card.html
Gigabyte GeForce RTX 3060 GAMING OC 12GB Graphics Card,70000,StarTech,https://www.startech.com.bd/gigabyte-geforce-rtx-3060-oc-12gb-graphics-card
ASUS TUF Gaming GeForce RTX 3060 V2 OC 12GB GDDR6 Graphics Card,70000,StarTech,https://www.startech.com.bd/asus-tuf-gaming-geforce-rtx-3060-v2-oc-graphics-card
Asus Dual GeForce RTX 3060 V2 12GB GDDR6 Graphics Card,71000,StarTech,https://www.startech.com.bd/asus-dual-geforce-rtx-3060-v2-12gb-graphics-card
Gigabyte GeForce RTX 3060 VISION OC 12GB GDDR6 Graphics Card,72000,StarTech,https://www.startech.com.bd/gigabyte-geforce-rtx-3060-vision-oc-12gb-graphics-card
Sapphire PULSE AMD Radeon RX 6700 XT GAMING OC 12GB GDDR6 Graphics Card,72000,StarTech,https://www.startech.com.bd/sapphire-pulse-amd-radeon-rx-6700-xt-gaming-oc-graphics-card
XFX Speedster SWFT 309 AMD Radeon RX 6700 XT Core 12GB GDDR6 Gaming Graphics Card,72000,StarTech,https://www.startech.com.bd/xfx-speedster-swft-309-radeon-rx-6700-xt-core-graphics-card
XFX RADEON RX 6700 XT SPEEDSTER SWFT 309 CORE 12GB GDDR6 GAMING GRAPHICS CARD,72000,TechLand,https://www.techlandbd.com/graphics-card/xfx-radeon-rx-6700-xt-speedster-swft-graphics-card
Asus ROG Strix GeForce RTX 3060 V2 OC Edition 12GB Graphics Card,72000,TechLand,https://www.techlandbd.com/graphics-card/asus-rog-strix-rtx-3060-oc-edition-graphics-card
MSI GeForce RTX 3070 Ventus 3X OC 8GB Graphics Card,72900,TechLand,https://www.techlandbd.com/graphics-card/msi-geforce-rtx-3070-ventus-3x-oc
MSI GeForce RTX 3070 VENTUS 3X 8G OC LHR GRAPHICS CARD,72900,UCC,https://www.ucc-bd.com/msi-geforce-rtx-3070-ventus-3x-8g-oc-lhr.html
Asus ROG Strix GeForce RTX 3060 V2 12GB GDDR6 Gaming Graphics Card,73000,StarTech,https://www.startech.com.bd/asus-rog-strix-geforce-rtx-3060-v2-12gb-graphics-card
MSI GeForce RTX 3060 GAMING X 12GB GDDR6 Graphics Card,73000,StarTech,https://www.startech.com.bd/msi-geforce-rtx-3060-gaming-x-12gb-graphics-card
Sapphire PULSE AMD Radeon RX 6700 XT GAMING 12GB GDDR6 Graphics Card,73500,StarTech,https://www.startech.com.bd/sapphire-pulse-radeon-rx-6700-xt-graphics-card
MSI GeForce RTX 3070 VENTUS 3X 8G OC LHR GDDR6 Graphics Card,73900,StarTech,https://www.startech.com.bd/msi-geforce-rtx-3070-ventus-3x-8g-oc-lhr-graphics-card
ASUS DUAL GeForce RTX 3060 Ti MINI V2 OC Edition 8GB GDDR6 LHR Graphics Card,74000,StarTech,https://www.startech.com.bd/asus-dual-geforce-rtx-3060-ti-mini-v2-oc-lhr-graphics-card
ASUS ROG STRIX GEFORCE RTX 3060 V2 12GB GDDR6 GRAPHICS CARD,74000,TechLand,https://www.techlandbd.com/graphics-card?product_id=23396
Sapphire Pulse AMD Radeon RX 6700 XT Gaming 12GB Graphics Card,75900,TechLand,https://www.techlandbd.com/graphics-card/sapphire-pulse-rx-6700-xt-graphics-card
Sapphire Nitro PLUS AMD Radeon RX 6700 XT Gaming OC 12GB Graphics Card,75900,TechLand,https://www.techlandbd.com/graphics-card/sapphire-nitro-plus-rx-6700-xt-graphics-card
SAPPHIRE NITRO+ RX 6700 XT GAMING OC 12GB GDDR6 GRAPHICS CARD,75900,UCC,https://www.ucc-bd.com/sapphire-nitro-rx-6700-xt-gaming-oc-12gb-gddr6-graphics-card.html
Gigabyte GeForce RTX 3060 Ti Vision OC 8GB (rev. 2.0) Graphics Card,76000,StarTech,https://www.startech.com.bd/gigabyte-geforce-rtx-3060-ti-vision-oc-8gb-graphics-card
MSI GeForce RTX 3060 VENTUS 2X 12GB GDDR6 Graphics Card,77000,StarTech,https://www.startech.com.bd/msi-geforce-rtx-3060-ventus-2x-12g-graphics-card
Gigabyte AORUS GeForce RTX 3060 ELITE 12GB GDDR6 Graphics Card,78000,StarTech,https://www.startech.com.bd/gigabyte-aorus-geforce-rtx-3060-elite-12gb-graphics-card
PNY GEFORCE RTX 3070 TI 8GB XLR8 GAMING UPRISING EPIC-X RGB TRIPLE FAN GRAPHICS CARD,81000,TechLand,https://www.techlandbd.com/graphics-card/pny-geforce-rtx-3070-ti-8gb-xlr8-gaming-graphics-card
ASUS TUF GAMING GeForce RTX 3060 OC Graphics Card,81500,TechLand,https://www.techlandbd.com/graphics-card/asus-tuf-gaming-geforce-rtx-3060-oc-graphics-card
XFX SPEEDSTER QICK 319 AMD RADEON RX 6700 XT BLACK 12GB GDDR6 GAMING GRAPHICS CARD,83000,TechLand,https://www.techlandbd.com/graphics-card/xfx-speedster-qick-319-amd-radeon-rx-6700-xt-graphics-card
Gigabyte GeForce RTX 3060 Ti Gaming OC 8GB Graphics Card,85000,StarTech,https://www.startech.com.bd/gigabyte-rtx-3060-ti-gaming-oc-8gb-graphics-card
Gigabyte GeForce RTX 3060 Ti GAMING OC PRO 8GB Graphics Card,86500,StarTech,https://www.startech.com.bd/gigabyte-rtx-3060-ti-gaming-oc-pro-8gb-graphics-card
Sapphire NITRO+ AMD Radeon RX 6700 XT Gaming OC 12GB GDDR6 Graphics Card,86900,StarTech,https://www.startech.com.bd/sapphire-nitro-plus-amd-radeon-rx-6700-xt-gaming-oc-graphics-card
MSI GeForce RTX 3070 Ventus 2X OC 8GB Graphics Card,87000,TechLand,https://www.techlandbd.com/graphics-card/msi-rtx-3070-ventus-2x-oc-graphics-card
ASUS TUF Gaming RTX 3060 Ti OC Graphics Card,89000,TechLand,https://www.techlandbd.com/graphics-card/asus-tuf-gaming-rtx-3060-ti-oc-graphics-card
Gigabyte AORUS GeForce RTX 3060 Ti ELITE 8GB Graphics Card,89500,StarTech,https://www.startech.com.bd/gigabyte-aorus-geforce-rtx-3060-ti-elite-8g-graphics-card
ASUS Dual GeForce RTX 3070 8GB Graphics Card,90000,TechLand,https://www.techlandbd.com/graphics-card/asus-dual-rtx-3070-8gb-graphics-card
Sapphire PULSE AMD Radeon RX 6800 OC Gaming Graphics Card,92900,UCC,https://www.ucc-bd.com/sapphire-pulse-amd-radeon-rx-6800-gaming-graphics-card.html
Sapphire Pulse AMD Radeon RX 6800 OC Gaming 16GB GDDR6 Graphics Card,95000,StarTech,https://www.startech.com.bd/sapphire-pulse-rx-6800oc-gaming-16gb-graphics-card
MSI GeForce RTX 3070 Ti VENTUS 3X 8G OC Graphics Card,99900,TechLand,https://www.techlandbd.com/graphics-card/msi-rtx-3070-ti-ventus-3x-8g-oc-graphics-card
MSI RTX 3070 TI VENTUS 3X 8G OC GDDR6X Graphics Card,99900,UCC,https://www.ucc-bd.com/msi-rtx-3070-ti-ventus-3x-8g-oc-gddr6x-graphics-card.html
Sapphire PULSE AMD Radeon RX 6800 Gaming 16GB GDDR6 Graphics Card,100000,StarTech,https://www.startech.com.bd/sapphire-pulse-amd-radeon-rx-6800-gaming-16gb-graphics-card
Asus ROG Strix GeForce RTX 3070 Ti OC Edition 8GB GDDR6X Graphics Card,101000,StarTech,https://www.startech.com.bd/asus-rog-strix-geforce-rtx-3070-ti-oc-edition-graphics-card
ASUS TUF GAMING GEFORCE RTX 3070 TI OC EDITION 8GB GDDR6X GRAPHICS CARD,101000,TechLand,https://www.techlandbd.com/graphics-card/asus-tuf-gaming-geforce-rtx-3070-ti-oc-edition-8gb-graphics-card
ASUS ROG STRIX GEFORCE RTX 3070 V2 WHITE OC EDITION 8GB GDDR6 GRAPHICS CARD,102000,TechLand,https://www.techlandbd.com/graphics-card/asus-rog-strix-geforce-rtx-3070-v2-white-oc-graphics-card
ZOTAC Gaming GeForce RTX 3070 Ti AMP Holo 8GB GDDR6X Graphics Card,102900,StarTech,https://www.startech.com.bd/zotac-gaming-geforce-rtx-3070-ti-amp-holo-graphics-card
ZOTAC GAMING GeForce RTX 3070 Ti AMP Holo 8GB GDDR6X Graphics Card,102900,TechLand,https://www.techlandbd.com/graphics-card/zotac-rtx-3070-ti-amp-holo-graphics-card
ZOTAC GAMING GeForce RTX 3070 Ti AMP Holo Graphics Card,102900,UCC,https://www.ucc-bd.com/zotac-gaming-geforce-rtx-3070-ti-amp-holo-graphics-card.html
Colorful iGame GeForce RTX 3070 TI Ultra W OC 8G-V GDDR6X 8GB Graphics Card,103000,StarTech,https://www.startech.com.bd/colorful-igame-geforce-rtx-3070-ti-ultra-w-oc-8g-v-8gb-graphics-card
ASUS TUF Gaming GeForce RTX 3070 Ti OC 8GB GDDR6X Graphics Card,103000,StarTech,https://www.startech.com.bd/asus-tuf-gaming-geforce-rtx-3070-ti-oc-graphics-card
MSI GeForce RTX 3070 Ti GAMING X TRIO 8GB GDDR6X Graphics Card,103900,TechLand,https://www.techlandbd.com/graphics-card/msi-rtx-3070-ti-gaming-x-trio-graphics-card
MSI RTX 3070 TI GAMING X TRIO 8G GDDR6X Graphics Card,103900,UCC,https://www.ucc-bd.com/msi-rtx-3070-ti-gaming-x-trio-8g-gddr6x-graphics-card.html
ASUS ROG Strix GeForce RTX 3070 V2 White OC Edition 8GB GDDR6 Graphics Card,104000,StarTech,https://www.startech.com.bd/asus-rog-strix-geforce-rtx-3070-v2-white-oc-edition-graphics-card
ASUS GEFORCE RTX 3070 NOCTUA OC EDITION 8GB GDDR6 GRAPHICS CARD,104000,TechLand,https://www.techlandbd.com/graphics-card/asus-geforce-rtx-3070-noctua-oc-edition-8gb-graphics-card
MSI GeForce RTX 3070 Ti VENTUS 3X OC Edition 8GB GDDR6X Graphics Card,105000,StarTech,https://www.startech.com.bd/msi-geforce-rtx-3070-ti-ventus-3x-oc-edition-graphics-card
Sapphire Pulse AMD Radeon RX 6800 OC 16GB GDDR6 Gaming Graphics Card,105900,TechLand,https://www.techlandbd.com/graphics-card/sapphire-pulse-rx-6800oc-gaming-16gb-graphics-card
ZOTAC GAMING GeForce RTX 3070 Ti AMP Extreme Holo GRAPHICS CARD,105900,UCC,https://www.ucc-bd.com/zotac-gaming-geforce-rtx-3070-ti-amp-extreme-holo-graphics-card.html
Gigabyte GeForce RTX 3070 Gaming OC 8GB Graphics Card,107000,StarTech,https://www.startech.com.bd/gigabyte-rtx3070-gaming-oc-graphics-card
Colorful iGame GeForce RTX 3070 Ti Vulcan OC 8G-V GDDR6X Graphics Card,107000,StarTech,https://www.startech.com.bd/colorful-igame-geforce-rtx-3070-ti-vulcan-oc-8g-v-graphics-card
MSI Geforce RTX 3070 TI Gaming X Trio 8GB GDDR6X Graphics Card,107000,StarTech,https://www.startech.com.bd/msi-geforce-rtx-3070-ti-gaming-x-trio-graphics-card
Colorful iGame GeForce RTX 3070 Ti Ultra W OC 8G-V Graphics Card,107000,TechLand,https://www.techlandbd.com/graphics-card/colorful-igame-rtx-3070-ti-ultra-w-oc-8g-v-graphics-card
MSI GeForce RTX 3070 Ti SUPRIM X 8GB GDDR6X Graphics Card,107900,TechLand,https://www.techlandbd.com/graphics-card/msi-rtx-3070-ti-suprim-x-graphics-card
MSI RTX 3070 TI SUPRIM X 8G GDDR6X Graphics Card,107900,UCC,https://www.ucc-bd.com/msi-rtx-3070-ti-suprim-x-8g-gddr6x-graphics-card.html
ASUS ROG Strix GeForce RTX 3070 Ti OC Edition 8GB GDDR6X Gaming Graphics Card,108000,TechLand,https://www.techlandbd.com/graphics-card/asus-rog-rtx-3070-ti-oc-8g-gaming-graphics-card
SAPPHIRE PULSE AMD Radeon RX 6800 XT GAMING OC 16GB GDDR6 GRAPHICS CARD,108900,UCC,https://www.ucc-bd.com/sapphire-nitro-amd-radeon-rx-6800-xt-se-gaming-oc-16gb-gddr6-graphics-card.html
Sapphire NITRO PLUS AMD Radeon RX 6800 Gaming OC 16GB Graphics Card,110000,StarTech,https://www.startech.com.bd/sapphire-nitro-plus-radeon-rx-6800-gaming-oc-16gb-graphics-card
Palit GeForce RTX 3070 Ti GamingPro 8GB GDDR6X Graphics Card,110000,StarTech,https://www.startech.com.bd/palit-geforce-rtx-3070-ti-gamingpro-graphics-card
PALIT GEFORCE RTX 3070 TI GAMINGPRO 8GB GDDR6X GRAPHICS CARD,110000,TechLand,https://www.techlandbd.com/graphics-card/palit-geforce-rtx-3070-ti-gamingpro-8gb-graphics-card
Colorful iGame GeForce RTX 3070 Ti Vulcan OC 8G-V Graphics Card,110000,TechLand,https://www.techlandbd.com/graphics-card/colorful-igame-rtx-3070-ti-vulcan-oc-8g-v-graphics-card
Sapphire Pulse AMD Radeon RX 6800 XT 16GB GDDR6 Graphics Card,111000,StarTech,https://www.startech.com.bd/sapphire-pulse-amd-radeon-rx-6800-xt-graphics-card
ZOTAC GAMING GeForce RTX 3070 Ti AMP Extreme Holo 8GB GDDR6X Graphics Card,112000,StarTech,https://www.startech.com.bd/zotac-gaming-geforce-rtx-3070-ti-amp-extreme-holo-graphics-card
ZOTAC GAMING GeForce RTX 3080 Trinity OC LHR Graphics Card,115900,UCC,https://www.ucc-bd.com/zotac-gaming-geforce-rtx-3080-trinity-oc-lhr-graphics-card.html
ZOTAC GAMING GeForce RTX 3080 Trinity OC 10GB GDDR6X Graphics Card,115900,UCC,https://www.ucc-bd.com/zotac-zt-a30800j-10p-gaming-geforce-rtx-3080-trinity-oc-10gb-gddr6x-graphics-card.html
ZOTAC GAMING GeForce RTX 3080 AMP Holo 10GB Graphics Card,118900,TechLand,https://www.techlandbd.com/graphics-card/zotac-gaming-rtx-3080-amp-holo-graphics-card
ZOTAC GAMING GeForce RTX 3080 AMP Holo LHR Graphics Card,118900,UCC,https://www.ucc-bd.com/zotac-gaming-geforce-rtx-3080-amp-holo-lhr-graphics-card.html
MSI GEFORCE RTX 3080 VENTUS 3X PLUS 10GB OC LHR GDDR6X GRAPHICS CARD,119900,TechLand,https://www.techlandbd.com/graphics-card/msi-geforce-rtx-3080-ventus-3x-plus-10gb-oc-graphics-card
MSI GeForce RTX 3080 VENTUS 3X PLUS 10G LHR GRAPHICS CARD,119900,UCC,https://www.ucc-bd.com/msi-geforce-rtx-3080-ventus-3x-plus-10g-lhr-graphics-card.html
Gigabyte AORUS GeForce RTX 3070 Ti MASTER 8GB GDDR6X Graphics Card,120000,StarTech,https://www.startech.com.bd/gigabyte-aorus-geforce-rtx-3070-ti-master-8gb-graphics-card
Asus TUF Gaming GeForce RTX 3070 OC Edition O8G Graphics Card,121000,TechLand,https://www.techlandbd.com/graphics-card/asus-tuf-rtx3070-o8g-gaming-graphics-card
Zotac Gaming GeForce RTX3080 Trinity OC LHR 10GB GDDR6X Graphics Card,122000,StarTech,https://www.startech.com.bd/zotac-gaming-rtx-3080-trinity-oc-lhr-10gb-graphics-card
MSI GeForce RTX 3080 GAMING Z TRIO 10G LHR GDDR6X Graphics Card,124900,TechLand,https://www.techlandbd.com/graphics-card/msi-geforce-rtx-3080-gaming-z-trio-10g-lhr-graphics-card
MSI GeForce RTX 3080 GAMING Z TRIO 10G LHR GRAPHICS CARD,124900,UCC,https://www.ucc-bd.com/msi-geforce-rtx-3080-gaming-z-trio-10g-lhr-graphics-card.html
MSI GeForce RTX 3080 VENTUS 3X PLUS 10GB OC LHR GDDR6X Graphics Card,125000,StarTech,https://www.startech.com.bd/msi-geforce-rtx-3080-ventus-3x-plus-10g-oc-lhr-graphics-card
ZOTAC GAMING GeForce RTX 3080 AMP Holo LHR 10GB Graphics Card,128000,StarTech,https://www.startech.com.bd/zotac-gaming-geforce-rtx-3080-amp-holo-lhr-10gb-graphics-card
MSI GeForce RTX 3080 SUPRIM 10GB LHR GDDR6X Graphics Card,129900,TechLand,https://www.techlandbd.com/graphics-card/msi-geforce-rtx-3080-suprim-10gb-lhr-graphics-card
MSI GeForce RTX 3080 SUPRIM X 10G LHR GDDR6X 10GB Graphics Card,129900,UCC,https://www.ucc-bd.com/msi-geforce-rtx-3080-suprim-x-10g-lhr-gddr6x-10gb-graphics-card.html
MSI GeForce RTX 3080 GAMING Z TRIO 10G LHR GDDR6X Graphics Card,131000,StarTech,https://www.startech.com.bd/msi-geforce-rtx-3080-gaming-z-trio-10g-lhr-graphics-card
MSI GeForce RTX 3080 SUPRIM X 10G LHR 10GB GDDR6X Graphics Card,137000,StarTech,https://www.startech.com.bd/msi-geforce-rtx-3080-suprim-x-10g-lhr-graphics-card
Sapphire NITRO Plus AMD Radeon RX 6900 XT SE GAMING OC 16GB Graphics Card,139900,TechLand,https://www.techlandbd.com/graphics-card/sapphire-nitro-plus-rx-6900-xt-se-graphics-card
SAPPHIRE Radeon RX 6900 XT 16GB NITRO+ Special Edition Graphics Card,139900,UCC,https://www.ucc-bd.com/sapphire-radeon-rx-6900-xt-16gb-nitro-special-edition-graphics-card.html
ASUS TUF GAMING GEFORCE RTX 3080 V2 OC EDITION 10GB GDDR6X GRAPHICS CARD,140000,TechLand,https://www.techlandbd.com/graphics-card?product_id=23400
ASUS GEFORCE RTX 3080 12GB TUF GAMING OC GRAPHICS CARD,142500,TechLand,https://www.techlandbd.com/graphics-card/asus-tuf-rtx3080-o12g-gaming-graphics-card
Asus TUF Gaming GeForce RTX 3080 V2 OC Edition 10GB GDDR6X Graphics Card,143000,StarTech,https://www.startech.com.bd/asus-tuf-gaming-geforce-rtx-3080-v2-oc-edition-graphics-card
SAPPHIRE NITRO+ AMD Radeon RX 6900 XT Special Edition 16GB GDDR6 Graphics Card,145000,StarTech,https://www.startech.com.bd/sapphire-nitro-plus-amd-radeon-rx-6900-xt-se-graphics-card
GIGABYTE RADEON RX 6900 XT GAMING OC 16GB GRAPHICS CARD,145000,TechLand,https://www.techlandbd.com/graphics-card/gigabyte-radeon-rx-6900-xt-gaming-oc-graphics-card
Colorful iGame GeForce RTX 3080 Vulcan OC 12G LHR-V GDDR6X Graphics Card,146000,StarTech,https://www.startech.com.bd/colorful-igame-geforce-rtx-3080-vulcan-oc-12g-lhr-v-graphics-card
Colorful iGame GeForce RTX 3080 Vulcan OC 10GB Graphics Card,148000,TechLand,https://www.techlandbd.com/graphics-card/igame-vulcan-rtx-3080-x-oc-graphics-card
MSI GeForce RTX 3080 Ventus 3X OC 10GB Graphics Card,149000,TechLand,https://www.techlandbd.com/graphics-card/msi-geforce-rtx-3080-ventus-3x-oc
ZOTAC GAMING GeForce RTX 3080 Trinity OC LHR 12GB GDDR6X Graphics Card,151900,UCC,https://www.ucc-bd.com/zotac-gaming-geforce-rtx-3080-trinity-oc-lhr-12gb-gddr6x-graphics-card.html
Palit GeForce RTX 3080 Ti GamingPro 12GB GDDR6X Graphics Card,152900,StarTech,https://www.startech.com.bd/palit-geforce-rtx-3080-ti-gamingpro-graphics-card
PALIT GEFORCE RTX 3080 TI GAMINGPRO 12GB GDDR6X GRAPHICS CARD,152900,TechLand,https://www.techlandbd.com/graphics-card/palit-geforce-rtx-3080-ti-gamingpro-12gb-graphics-card
MSI GEFORCE RTX 3080 GAMING Z TRIO 12GB LHR GRAPHICS CARD,155900,TechLand,https://www.techlandbd.com/graphics-card/gigabyte-rtx-3080-gaming-z-trio-12gb-graphics-card
MSI GeForce RTX 3080 GAMING Z TRIO 12G LHR GRAPHICS CARD,155900,UCC,https://www.ucc-bd.com/msi-geforce-rtx-3080-gaming-z-trio-12g-lhr-graphics-card.html
ZOTAC GAMING GeForce RTX 3080 AMP Extreme Holo LHR 12GB GDDR6X Graphics Card,155900,UCC,https://www.ucc-bd.com/zotac-gaming-geforce-rtx-3080-amp-extreme-holo-lhr-12gb-gddr6x-graphics-card.html
MSI GEFORCE RTX 3080 SUPRIM X 12G LHR 12GB GDDR6X GRAPHICS CARD,157900,TechLand,https://www.techlandbd.com/graphics-card/msi-geforce-rtx-3080-suprim-x-12g-lhr-12gb-graphics-card
MSI GeForce RTX 3080 SUPRIM X 12G LHR GDDR6X 12GB Graphics Card,157900,UCC,https://www.ucc-bd.com/msi-geforce-rtx-3080-suprim-x-12g-lhr-gddr6x-12gb-graphics-card.html
ZOTAC GAMING GeForce RTX 3080 Ti Trinity 12GB GDDR6X Graphics Card,159900,StarTech,https://www.startech.com.bd/zotac-gaming-geforce-rtx-3080-ti-trinity-12gb-graphics-card
ZOTAC GAMING GeForce RTX 3080 Ti Trinity 12GB GDDR6X Graphics Card,159900,TechLand,https://www.techlandbd.com/graphics-card/zotac-rtx-3080-ti-trinity-12gb-graphics-card
ZOTAC GAMING GeForce RTX 3080 Ti Trinity Graphics Card,159900,UCC,https://www.ucc-bd.com/zotac-gaming-geforce-rtx-3080-ti-trinity.html
ASUS ROG STRIX GEFORCE RTX 3080 V2 OC EDITION 10GB GDDR6X GRAPHICS CARD,160500,TechLand,https://www.techlandbd.com/graphics-card?product_id=23397
MSI GeForce RTX 3080 GAMING Z TRIO 12G LHR GDDR6X Graphics Card,162000,StarTech,https://www.startech.com.bd/msi-geforce-rtx-3080-gaming-z-trio-12g-lhr-graphics-card
Asus ROG Strix GeForce RTX 3080 V2 OC Edition 10GB GDDR6X Gaming Graphics Card,164000,StarTech,https://www.startech.com.bd/asus-rog-strix-geforce-rtx-3080-v2-oc-edition-graphics-card
MSI GeForce RTX 3080 SUPRIM X 12G LHR 12GB GDDR6X Graphics Card,165000,StarTech,https://www.startech.com.bd/msi-geforce-rtx-3080-suprim-x-12g-lhr-graphics-card
Zotac Gaming GeForce RTX 3080 Ti Trinity OC 12GB GDDR6X Graphics Card,166900,StarTech,https://www.startech.com.bd/zotac-gaming-geforce-rtx-3080-ti-trinity-oc-12gb-graphics-card
Zotac Gaming GeForce RTX 3080 Ti Trinity OC 12GB GDDR6X Graphics Card,166900,TechLand,https://www.techlandbd.com/graphics-card/zotac-gaming-geforce-rtx-3080-ti-trinity-graphics-card
ZOTAC GAMING GeForce RTX 3080 Ti Trinity OC GRAPHICS CARD,166900,UCC,https://www.ucc-bd.com/zotac-gaming-geforce-rtx-3080-ti-trinity-oc-graphics-card.html
MSI GeForce RTX 3080 Ti VENTUS 3X 12GB OC GDDR6X Graphics Card,168900,StarTech,https://www.startech.com.bd/msi-geforce-rtx-3080-ti-ventus-3x-12g-oc-graphics-card
MSI GeForce RTX 3080 Ti VENTUS 3X 12GB OC GDDR6X Graphics Card,168900,TechLand,https://www.techlandbd.com/graphics-card/msi-geforce-rtx-3080-ti-ventus-3x-graphics-card
MSI GeForce RTX 3080 Ti VENTUS 3X 12G OC GRAPHICS CARD,168900,UCC,https://www.ucc-bd.com/msi-geforce-rtx-3080-ti-ventus-3x-12g-oc-graphics-card.html
MSI GeForce RTX 3080 SUPRIM 10GB LHR GDDR6X Graphics Card,170000,StarTech,https://www.startech.com.bd/msi-geforce-rtx-3080-suprim-10gb-lhr-graphics-card
ASUS TUF Gaming GeForce RTX 3080 Ti OC 12GB GDDR6X Gaming Graphics Card,170500,TechLand,https://www.techlandbd.com/graphics-card/asus-tuf-rtx-3080-ti-oc-graphics-card
Asus TUF Gaming GeForce RTX 3080 Ti OC 12GB GDDR6X Graphics Card,173000,StarTech,https://www.startech.com.bd/asus-tuf-gaming-geforce-rtx-3080-ti-oc-graphics-card
ZOTAC GAMING GeForce RTX 3080 Ti AMP Holo 12GB Graphics Card,175900,StarTech,https://www.startech.com.bd/zotac-gaming-geforce-rtx-3080-ti-amp-holo-12gb-graphics-card
ZOTAC GAMING GeForce RTX 3080 Ti AMP Holo 12GB GDDR6X Graphics Card,175900,TechLand,https://www.techlandbd.com/graphics-card/zotac-rtx-3080-ti-amp-holo-12gb-graphics-card
ZOTAC GAMING GeForce RTX 3080 Ti AMP Holo Graphics Card,175900,UCC,https://www.ucc-bd.com/zotac-gaming-geforce-rtx-3080-ti-amp-holo-graphics-card.html
ZOTAC GAMING GeForce RTX 3080 Ti AMP Extreme Holo 12GB GDDR6X Graphics Card,177900,StarTech,https://www.startech.com.bd/zotac-gaming-geforce-rtx-3080-ti-amp-extreme-holo-graphics-card
ZOTAC GAMING GeForce RTX 3080 Ti AMP Extreme Holo 12GB GDDR6X Graphics Card,177900,TechLand,https://www.techlandbd.com/graphics-card/zotac-gaming-geforce-rtx-3080ti-amp-extreme-holo-graphics-card
ZOTAC GAMING GeForce RTX 3080 Ti AMP Extreme Holo GRAPHICS CARD,177900,UCC,https://www.ucc-bd.com/zotac-gaming-geforce-rtx-3080-ti-amp-extreme-holo-graphics-card.html
Gigabyte GeForce RTX 3080 Ti GAMING OC 12GB GDDR6X Graphics Card,178000,StarTech,https://www.startech.com.bd/gigabyte-geforce-rtx-3080-ti-gaming-oc-graphics-card
MSI GeForce RTX 3080 Ti Gaming X Trio 12GB Graphics Card,179900,TechLand,https://www.techlandbd.com/graphics-card/msi-rtx-3080-ti-gaming-x-trio-12gb-graphics-card
SAPPHIRE AMD RADEON RX 6900 XT OC TOXIC LIMITED EDITION Graphics Card,181900,UCC,https://www.ucc-bd.com/sapphire-amd-radeon-rx-6900-xt-oc-toxic-limited-edition.html
Asus ROG Strix GeForce RTX 3080 10GB GDDR6X Graphics Card,185000,StarTech,https://www.startech.com.bd/asus-rog-strix-geforce-rtx-3080-10gb-graphics-card
MSI GeForce RTX 3080 Ti GAMING X TRIO 12GB GDDR6X Graphics Card,186000,StarTech,https://www.startech.com.bd/msi-geforce-rtx-3080-ti-gaming-x-trio-graphics-card
Gigabyte AORUS Radeon RX 6900 XT MASTER 16GB GDDR6 Graphics Card,187000,StarTech,https://www.startech.com.bd/gigabyte-aorus-rx-6900-xt-master-16gb-graphics-card
Sapphire TOXIC AMD Radeon RX 6900 XT Limited Edition 16GB GDDR6 Gaming Graphics Card,188000,StarTech,https://www.startech.com.bd/sapphire-toxic-radeon-rx-6900-xt-limited-edition-graphics-card
Asus ROG Strix GeForce RTX 3080 OC 10GB Gaming Graphics Card,189000,TechLand,https://www.techlandbd.com/graphics-card/asus-rog-strix-rtx-3080-oc-graphics-card
Gigabyte AORUS Radeon RX 6900 XT MASTER GDDR6 16GB Graphics Card,190000,TechLand,https://www.techlandbd.com/graphics-card/gigabyte-aorus-radeon-rx-6900-xt-graphics
MSI GeForce RTX 3090 Ventus 3X OC 24GB Graphics Card,194900,TechLand,https://www.techlandbd.com/graphics-card/msi-geforce-rtx-3090-ventus-3x-oc
MSI GeForce RTX 3090 VENTUS 3X 24G OC 24GB GDDR6X Graphics Card,194900,UCC,https://www.ucc-bd.com/msi-geforce-rtx-3090-ventus-3x-24g-oc-graphics-card.html
MSI GeForce RTX 3090 Gaming X Trio 24GB Graphics Card,197900,TechLand,https://www.techlandbd.com/graphics-card/msi-geforce-rtx-3090-gaming-x-trio
MSI GeForce RTX 3090 GAMING X TRIO 24G 24GB GDDR6X Graphics Card,197900,UCC,https://www.ucc-bd.com/geforce-rtxtm-3090-gaming-x-trio-24g.html
MSI Radeon RX 6900 XT GAMING X GAMING Z TRIO 16G GRAPHICS CARD,199900,UCC,https://www.ucc-bd.com/msi-radeon-rx-6900-xt-gaming-x-gaming-z-trio-16g-graphics-card.html
Sapphire TOXIC AMD Radeon RX 6900 XT Extreme Edition Graphics Card,199900,UCC,https://www.ucc-bd.com/sapphire-toxic-amd-radeontm-rx-6900-xt-extreme-edition-graphics-card.html
ZOTAC GAMING GeForce RTX 3090 Trinity 24GB Graphics Card,199999,TechLand,https://www.techlandbd.com/graphics-card/zotac-gaming-rtx-3090-trinity-graphics-card
MSI GeForce RTX 3090 VENTUS 3X OC 24GB Graphics Card,200000,StarTech,https://www.startech.com.bd/msi-geforce-rtx-3090-ventus-3x-oc-24gb-graphics-card
MSI Radeon RX 6900 XT Gaming Z Trio 16GB GDDR6 Graphics Card,205000,StarTech,https://www.startech.com.bd/msi-rx-6900-xt-gaming-z-trio-16gb-graphics-card
MSI GeForce RTX 3080 SUPRIM X 10G Graphics Card,205000,TechLand,https://www.techlandbd.com/graphics-card/msi-rtx-3080-suprim-x-10g-graphics-card
Sapphire TOXIC AMD Radeon RX 6900 XT Extreme Edition 16GB GDDR6 Graphics Card,207000,StarTech,https://www.startech.com.bd/sapphire-toxic-radeon-rx-6900-xt-extreme-edition-graphics-card
MSI GeForce RTX 3090 Gaming X Trio 24GB Graphics Card,207000,StarTech,https://www.startech.com.bd/msi-rtx-3090-gaming-x-trio-24gb-graphics-card
Zotac Gaming GeForce RTX 3090 Trinity OC 24GB GDDR6X Graphics Card,219900,StarTech,https://www.startech.com.bd/zotac-gaming-geforce-rtx-3090-trinity-oc-24gb-graphics-card
ZOTAC GAMING GeForce RTX 3090 Trinity OC 24GB Graphics Card,219900,TechLand,https://www.techlandbd.com/graphics-card/zotac-rtx-3090-trinity-oc-graphics-card
ZOTAC GAMING GeForce RTX 3090 Trinity OC 24GB GDDR6X GRAPHICS CARD,219900,UCC,https://www.ucc-bd.com/zotac-gaming-geforce-rtx-3090-trinity-oc-24gb-gddr6x-graphics-card.html
ASUS ROG STRIX GeForce RTX 3080 Ti OC 12GB GDDR6X Gaming Graphics Card,225000,TechLand,https://www.techlandbd.com/graphics-card/asus-rog-rtx-3080-ti-oc-12gb-graphics-card
Asus ROG Strix GeForce RTX 3090 OC Edition 24GB Graphics Card (White),290000,TechLand,https://www.techlandbd.com/graphics-card/asus-rog-strix-3090-o24g-gaming-graphics-card
Asus ROG Strix GeForce RTX 3090 OC Edition 24GB Graphics Card,305000,TechLand,https://www.techlandbd.com/graphics-card/asus-rog-strix-rtx-3090-graphics-card
